AM,SEP,CL,TeachingScore
66.926341594061,79.5599830538599,40,63.7709873999118
88.0084823644436,79.2060481429783,75,82.1030240714891
89.6397969520881,73.5777280807982,30,65
80.0608537856882,73.6087554790534,45,65
60.0585885507757,84.0508770069376,60,64.941374909692
67.1517895247034,79.8521125414987,40,63.8514927642191
55.5382878424891,85.2747164942673,60,65
88.760828837189,86.2779616413566,35,65
77.6490244292632,86.9374285021067,45,65
86.3276990351623,74.2585322608828,30,65
66.1275006034209,81.6521219454594,55,65.4693819385436
100,77.6764263551894,30,65
100,82.4003695399551,55,73.7001847699776
73.1424997458113,69.3827783993271,65,66.7843386001234
58.3409796740904,74.8124019491193,55,63.3040144376747
64.7864117959913,81.397296250154,45,64.9615252488247
75.2125398959646,77.8865886469385,65,71.5802400339872
74.106740843114,75.0221180099831,65,69.5634415708011
65.0848347830949,84.4032936470249,55,65.0411518551968
79.5892637260348,77.9082415227565,45,65
68.8641323131423,77.4436568839139,75,73.1538945985281
55.7721776567276,75.2147856461562,35,55.4934816514419
70.7264575580537,66.8232668528589,35,58.5138406992087
74.0281971616317,83.8642705483662,55,69.2577588455253
90.0057478325845,76.3862524882527,85,85
62.9800605253318,83.6059087335883,50,64.8944007507382
76.3770002287768,94.8655625880483,50,67.8442500571942
79.1070718790655,83.9532018952566,60,75.026531805306
42.9979866087306,80.9065764272932,75,64.7951227797826
81.0596592082413,77.8458308118505,60,72.7362374406892
60.6225088597701,80.5704753505457,35,60.5964921051579
70.1052472220043,66.5807618339464,15,51.2825000578804
100,81.1510281639863,55,73.0755140819932
98.0861407810878,71.0695497023008,20,65
87.4051634385765,79.7958064309551,45,65
72.6061916116852,74.4853440725234,35,61.7420842291449
62.1341737637562,76.8882146790247,45,63.8376516402186
80.9753094961881,79.5058082977207,20,63.8943789414857
71.6278673618451,87.1187303178916,75,78.3139336809226
55.2799853441559,74.2189433935414,75,67.3692650743552
74.6730470108176,80.1038314800676,85,82.4718748933772
61.7990948850832,77.4217406899753,35,59.6104177875292
91.6296070928578,67.6987091216941,45,65
68.0379260859803,81.5793968911938,35,63.5494869309476
84.9685378707187,87.0896977624674,35,65
67.0479282267275,80.7282764126594,55,65.8052595305815
75.6136399480585,75.7080579470353,45,65
77.3258086370587,79.0996817854717,50,67.1723747441393
70.1837252765648,81.9704748836368,60,68.2988854853606
100,87.2348853806195,40,65
87.0060983587708,82.2466528315921,30,65
92.9440737654157,86.1569674223643,40,65
100,81.8212139034597,50,69.2053034758649
80.815725230331,90.1469870369948,75,82.9078626151655
90.6797730224159,81.7004741058072,40,65
54.4226048502809,77.9918539099959,10,51.1208552833234
60.6238926655426,90.13296722256,65,65
34.9659006053904,85.3114600644802,25,45
62.9597222715162,83.9008459447898,55,64.9439355115246
68.2347608006591,78.4678650477703,25,59.5243597521747
63.9512768405805,81.3026094630282,30,61.5373532048451
91.7205593326883,75.5408550886189,20,65
62.1997495459467,91.6128892268954,40,64.2999373864867
63.6187221221938,75.8193809434123,50,64.5244630247213
76.4696700148771,77.0699964355227,10,61.6177226405904
62.2556559641762,68.6732374390748,95,68.1692060761703
83.4105396997885,82.5849704431375,30,64.8560527398324
69.7875331651739,88.487520870033,80,81.1968832912935
95.562865476307,72.9313707830004,50,66.9828426957501
86.1153402363518,93.0586006955356,45,65
64.3067945867577,81.7796434032168,20,61.1980564212476
87.0708492716915,74.8441636123057,40,65
89.6643856058972,80.334488715062,60,76.5008665362965
89.0935168202471,95.9519958905332,60,80
41.0562604788617,79.8936409202465,60,62.2340215969784
67.2947190468691,94.4528207719423,75,76.1473595234346
45.1579118721844,78.4942564854766,50,60.1592173942948
100,89.1426675302691,45,65
80.3804172391116,76.8728083722771,55,69.565218664141
71.1999911704796,87.7680639470599,85,85
57.7969802042519,67.8995947535513,60,63.4603180311814
64.4867626312306,86.7383255529673,60,65
65.3183489586522,72.2290136916372,40,61.8580738003122
86.7281469320824,76.6027183999962,55,70.8013591999981
79.7349557946561,68.557168399327,85,80.6713882380715
94.1162616985795,75.4523342438889,70,77.8392506829167
73.8823560611074,82.0065347633782,55,68.7764524283482
40.4457919200303,88.7216816788516,65,65
89.7835459310871,82.8325517748135,55,73.9162758874068
90.3536652476136,82.7904124292197,30,65
76.9735316857991,85.4670899753355,35,65
84.0308326399858,79.583420335953,50,68.4691828966511
74.8977852412552,79.8434466327697,55,68.6729311752797
76.3206850577634,81.0022920701962,20,63.2651316915078
73.2753986197891,70.0950017157404,40,62.8155604568041
54.5762230802562,74.599921441867,45,59.5795950581106
63.1984336974417,67.6053317114086,55,64.2165587941773
39.9473928765326,83.5891993317699,30,48.4732508209018
81.1173255389587,92.9001574625528,30,65
65.7957278758892,83.3056583451631,85,83.3730700894648
75.4914000660704,77.2148883248267,75,76.3531441954485
85.561623291015,77.5130428043928,95,85
62.029923050498,83.0740885966206,25,60.3900169004166
70.6695818907109,73.7529455155815,20,56.9412503370164
82.6915016669287,74.868618038308,55,69.3647668118752
52.5368070991048,82.0587059852525,65,65
53.2081931344318,77.7004492675164,45,60.6962553778569
62.9979688995541,65.4156404335947,30,49.790419423218
50.3368656717897,68.9808258511845,15,46.062256641528
97.706551964187,79.8180120468694,55,72.4090060234347
85.9358314318642,82.9073603620567,75,83.9536801810283
78.1321136333481,77.0857758863334,35,63.641150202678
91.2842173823938,91.7006171208697,65,85
84.4293865773938,94.5684932982651,75,84.7146932886969
61.8885032520991,74.8216487791447,20,53.293647367378
100,76.0894042959418,40,65
76.4622305978707,87.5534728820756,55,70.7311152989354
82.6046449692501,80.6849505942636,55,71.903199664306
90.371353181757,85.8441765895375,60,80
61.0815155938091,73.093140148491,45,62.667157767258
61.6618473695939,80.9243131811166,20,58.2664237844689
60.2515726683746,85.0707024352954,40,63.8128931670936
74.5293163043015,78.7537765751486,65,71.5532043681642
88.0313940761483,79.8808652539257,65,79.8808652539257
61.2778289144026,83.1867839463208,20,59.8020678790706
75.5148624496356,90.8004326291252,55,70.2574312248178
71.2462114848419,75.1199567931073,65,68.1605695173605
59.1365334712998,82.4800715372101,35,60.808302504255
62.0802588873455,84.0778335756216,30,62.1858815277745
69.6966833783309,81.6917993620873,35,63.7343389547504
87.4426092766594,82.3794983653854,20,65
69.4688455580851,80.0403015828929,20,61.1485078949294
75.9237130272198,74.1849633497931,55,67.5083475949668
83.3705345877679,70.5346208009164,45,65
72.3542955316295,66.1750963699851,30,56.0729687018479
90.723620014919,78.1554879944452,25,65
90.2067464248303,79.6409591940835,45,65
60.7684536404755,80.4827071002711,35,60.6255803703733
74.8394404248167,88.9983506209576,45,65
69.7275232098713,83.1030064302043,40,64.6378526216784
49.7568971816158,79.9702611355424,55,63.0832793334863
59.260048262379,78.7422124918232,60,64.5510075214847
85.3468914704665,70.4641568734881,85,85
75.1115322217207,86.7230059582037,60,72.5836491662905
68.1453844282263,84.6913399730228,40,64.9349706737866
66.5452785039128,71.3116472962348,85,72.36926315559
96.8508022646254,78.207799114081,50,68.3019497785202
60.3255067063988,77.9193974749622,50,63.7588164118271
58.0616997394655,80.4695424139101,10,55.102925905871
74.5418628161822,76.576644489108,45,65
98.7716689148395,79.0531484120132,45,65
61.8243367091588,86.4077502351053,60,65
78.6182643016437,70.1899097394097,50,65.8834695316619
85.3121400945033,80.2158044614914,20,65
66.4906852300545,69.8211556525,45,65
89.8342579258274,74.9176701963488,65,74.9176701963488
69.0974008002318,92.7355706959567,10,65
87.7989022050287,89.2559731498031,70,85
80.4786514793619,86.0760158457116,60,76.6089886095214
77.3737465752691,75.1765982168832,40,64.0635531063625
48.5021813400352,85.4731891719013,60,65
83.9712369266643,85.7223476220013,35,65
66.6354437895208,83.8778802029954,60,66.157764197649
57.0265582867811,73.4820365614434,95,70.1004853548404
42.7900215257344,89.1228344896611,65,65
78.3782123480038,83.7476920720318,50,68.1351325696829
80.5551596946559,78.8117571987878,65,75.7422044445479
46.7912093362337,87.1578759995497,35,55.8956046681168
75.7941154972172,77.1892725223223,60,69.9339655787376
64.4974508286555,86.0225660840947,35,64.7487254143278
78.2622795094666,71.30077121181,50,66.0445323617028
48.3043770929723,81.2110878330875,45,61.8370875616689
82.7956976151839,70.8502322826271,55,67.6027241170055
69.66730712785,72.4411085886611,55,65.8682484788741
100,68.6247155875251,55,66.8123577937625
54.7517283127388,74.8541865827682,75,67.4023837574548
65.4728854879063,80.2869406290267,45,65
63.1807928964286,71.3218756004378,65,65
95.5217684472698,83.7192859262076,60,79.0394644446557
96.6347280570039,73.540155765907,45,65
67.3149142515323,77.753591565055,30,60.1942492047342
79.5358295255375,83.6858343396423,40,64.9102396850015
100,71.3291608120863,65,71.3291608120863
77.5989484266575,92.21686945099,70,79.4492113199932
75.9947449101273,82.5258685988531,50,67.40865568216
44.7134028952749,81.7722098569647,65,64.9537462345173
38.6404366365757,77.4095191882029,40,51.3476722566394
94.5264060447869,92.5694357563007,30,65
100,80.6430043797441,45,65
78.9082122641959,69.2435772179256,65,67.9510286353208
69.4244034983078,64.5211030235271,25,49.318461825406
66.3164737105786,82.6656349407403,35,63.9096457261553
90.5755089639732,70.335907649517,65,70.335907649517
100,84.2011787459237,75,84.6005893729619
90.9596933307526,95.622408456031,0,65
95.6481684081745,83.5371345713478,55,74.2685672856739
84.8465777962535,83.4454997904597,85,84.9880752576064
41.2413097156336,76.8699312071511,50,56.8473909566614
53.4387446140708,87.2907321797384,40,62.1096861535177
97.1677398663476,82.5758687999236,50,69.3939671999809
80.3674751897575,65.1455982760981,75,72.7565367329278
55.5549126216237,78.462505765235,30,54.5567438972187
42.3284135876391,88.306829234063,55,63.6642067938196
90.1248587035729,85.6857921535451,45,65
57.7502353441513,79.0638658791333,45,62.8482212329082
62.746689325273,85.7206155934339,10,62.746689325273
77.2150207052245,86.1239849902595,35,65
83.335292092094,81.1998122631495,50,68.7128536210242
91.6586897568457,84.6583294202879,35,65
67.1118764884556,77.8361381700491,65,66.3554169201947
77.5995506703282,81.1380438556543,50,67.5416512659912
62.9510228965831,83.3390781271354,65,65
70.005022051909,75.7298714179493,30,59.7872984876068
84.6658819339165,90.721918415986,95,85
84.0517448245467,74.1041784138989,60,71.504393149203
95.5604553815691,87.9852687032683,20,65
80.6937666171041,77.4360977909576,20,63.3714035901231
78.3007637238143,79.901257458161,20,63.292115950039
56.0359807713665,95.2344449309491,75,70.5179903856833
67.9200162364188,80.2458706541294,35,62.9699886990641
67.2267308640386,74.3806116228203,55,65.5222024356023
61.9231430164106,82.0813197265277,70,68.6133702080133
100,74.7381461836654,60,72.3036096377491
70.1411381221864,79.9315823779004,65,68.8382663693795
100,72.5310468763672,40,65
80.6173029546375,79.9066258640034,55,70.8200323037394
86.320739988228,80.2001590695786,55,72.6000795347893
75.1429548642384,87.6952953636808,40,65
79.2774242522416,81.0874613415309,35,64.440255029022
74.4688526649531,83.6875054826225,45,65
65.3243017718847,66.8374703538947,65,65.0297947445777
85.2462062341948,78.0453363320426,60,74.784002249032
64.0375419723251,81.1498583992411,20,60.372680356133
45.4096425463676,66.2587142820542,70,65.0064452865456
77.4759600273171,69.0777283448157,30,60.5075071853929
39.6033914446795,76.470970189254,70,63.2739561783029
94.6635314054191,89.9296439462748,45,65
90.72292560188,80.1740096847868,35,65
100,74.5107814160246,35,65
67.1093597514969,78.0386752170673,40,63.4432180331945
33.9658027625081,83.5598227826693,45,53.3201855188259
91.007817375409,81.2723728544748,20,65
71.4847502710117,83.8784878464461,25,64.2421241585312
98.3350317272319,85.9141726354853,35,65
100,73.5717957492457,75,79.2858978746228
82.2836570792235,76.8398400738942,45,65
67.574465354898,72.315088448811,55,65.470811044487
71.6261644008011,84.7333427207147,30,64.8662663519566
86.9341795858892,80.9263581120509,60,76.9447685840382
66.67884247482,79.4972653451763,60,65.9126984311332
61.9056566536262,76.8606553281885,40,61.5619298197271
77.3191093359871,85.499639202671,75,81.1595546679935
100,81.070498796236,20,65
90.7638221200004,83.4577602220338,85,85
76.4176873947753,75.8401703608695,70,73.6587063510741
62.6824623064698,78.597000641674,70,68.0053556415931
81.396747124891,86.4907065947629,75,83.1983735624455
94.0178142909631,82.6214371140797,60,78.2160778355598
63.0046691157127,75.3588106343766,45,64.0381318548755
75.6505575427655,83.5943102673827,35,64.6714396183042
88.9476019839726,73.6934377840414,60,71.5200783380311
91.6916809498606,79.4820363017018,65,79.4820363017018
80.0486613947457,82.5215014927621,40,64.8466014332256
86.763503624434,79.4601383209106,65,79.4601383209106
68.1223582351549,66.1860319120834,65,65.1851608253925
67.6741465843919,75.7155050616865,30,58.9676825622809
88.0033289122431,71.7014579460297,55,68.3507289730149
85.3355030347688,71.9721726825083,30,65
94.1518617188031,77.0395767900261,25,65
83.6862566523723,92.232623629135,65,83.6862566523723
75.0973772437956,81.2268265782691,25,63.1317843505431
75.0804668062037,79.524773851941,65,72.3208250341054
83.8324374991168,69.3013350529722,30,64.312656031022
78.0345193376158,86.4111120353299,55,71.5172596688079
83.2460008188519,87.8317685557502,40,65
80.1877606739068,84.5896082285522,45,65
100,77.3759041103123,40,65
72.6309515550294,80.4574835548781,35,63.5953348507053
68.7253471524212,77.3764765917474,85,78.7964901527649
57.5268509515052,84.835041027839,65,65
79.3727699530711,80.4944252497646,40,64.6830761798349
57.6564806728424,74.4098581345399,55,63.0557772133413
74.070140154536,74.0693337680584,55,67.0565032096139
79.1253246516474,71.0418048398474,25,60.9000067492578
60.4499538497465,70.3281856446801,50,62.4965962840753
81.4091055370306,71.5616814361643,50,66.3458915398299
59.45662378542,82.0148781909704,20,57.2988846380804
67.6450893206027,77.5490635201218,50,65.414917423758
86.5861127813136,81.5152269660707,30,65
68.2732790058343,77.6446025200839,50,65.5173663995764
61.1389818287732,78.5839022378459,60,64.6903416243994
76.4916194108419,83.6413364912742,30,64.5664990165685
84.2351148145047,79.3300024118998,80,83.2828568776778
49.6063069540543,84.5104814374751,55,64.811612537705
80.4120169930233,67.3558942671713,35,62.9762285681121
46.5780462961952,74.6024857725873,70,65.1894145888462
61.7254202653984,75.7659032875878,75,69.5016064255385
76.3053471388635,79.4631560086543,65,73.1755499700689
77.340043189494,87.6622112187367,85,85
78.5613401922188,77.4699824482317,30,63.1818791989078
80.7276506990188,82.2094231258791,60,75.1498923370791
100,72.3114377728372,75,78.6557188864186
75.9511824396031,80.8454764292296,40,64.5300809269716
72.083287474659,80.9142799071027,50,66.4090677441775
87.1113294736193,68.2914495168852,40,65
65.2295863041801,69.5286288844009,30,53.5296722226143
71.3081974737208,77.5493225585156,35,62.4496698946048
61.0442714885087,69.4544165141368,20,48.5733933937854
61.1813371277547,82.1114821648149,65,65
84.7248027935841,81.5529642075726,85,84.9525692689754
89.2569263118796,72.3262674560397,35,65
86.1385379303999,84.9925170350136,60,79.9943877762602
73.3150004556628,71.339605465364,30,59.0141861032742
49.6191244430459,74.0589313761368,40,54.2124335807024
60.1457095364428,94.2367973467684,30,61.3592821523321
66.8995199137482,74.6919441926482,65,65.9205020498435
76.1062069455857,89.2638416722936,60,73.3296552091892
81.193651333528,69.6027116914978,45,65
88.0045036727102,75.5061772251338,35,65
63.1716164849269,86.4030994676617,45,65
96.415832845053,82.3441408646173,65,82.3441408646173
88.0626096102827,78.3935209079168,50,68.3483802269792
77.3282476067421,84.8225765178899,20,64.9319425488251
81.6367448853998,74.7146942034602,30,63.702795975296
73.5899055211766,79.757528397166,30,62.7568588890918
62.4924458140313,78.4931032838482,55,64.5920900975437
71.0681062277243,79.8741266928317,40,64.1073359699298
81.2989742413955,70.6311910000064,10,62.3410333885277
56.5514452552897,79.8998111589378,65,65
66.5069062964019,88.3391899709041,50,65.3767265741005
64.7979076226338,83.6723533557552,65,65
58.3125594270703,79.0480634124929,30,56.5155476852424
100,78.8070268777943,30,65
80.7740589753133,84.360486658854,45,65
74.683586202547,86.230883116635,35,65
50.1006957998116,82.2547167224184,30,52.789129658382
74.4522511358584,78.1983901541241,40,64.1032290934229
73.9867394771388,81.5465991290608,30,63.5737548694427
60.5422850713596,82.791381608693,30,60.2463847894045
71.3988114089568,79.5997407358986,60,68.5032870345755
73.2199250504058,81.5395415383451,45,65
84.6998544668229,88.2502735387457,40,65
84.8999000901127,79.0754310213453,50,68.5012458881256
59.7454427554177,75.9916009629774,65,65
73.5889355870197,81.6958122341294,60,70.3774720944467
85.1210804460856,88.7872925116259,40,65
75.1450954883197,80.6561022077749,45,65
92.2260697268332,81.8385550824956,10,65
83.9805127789616,63.549771303747,45,64.9260755188293
57.3389609423208,77.9975853742612,80,71.0141261854058
39.4309305478868,76.7762883024298,10,45
86.7963494102235,87.0842301392696,10,65
41.1812198514228,86.4222094165008,40,57.1359148885671
79.590795861724,74.2830798243196,30,62.8261246638551
100,76.7963589197661,40,65
79.2342664516256,84.8751129476414,55,72.072691336322
69.4079473948701,87.6133510225263,45,65
78.5874586540786,85.0005121567749,60,75.190593990559
72.2585887735358,73.3670678821138,45,65
78.0427902430765,79.4147796729182,55,69.7002236918509
98.4276420849116,77.2974837229671,75,81.1487418614836
67.4026696528231,84.4760842758039,40,64.8847560240905
100,75.2364991200281,65,75.2364991200281
87.2978409797213,82.5507533057387,40,65
64.5286273467531,75.8071611322828,50,64.837503018202
61.7296708932445,72.4418995345793,55,63.9732719630594
59.1025580594017,79.9647436848711,55,64.2576217056374
67.3410318905482,85.4161487800689,25,65
81.9150035578218,69.7974704709075,75,75.8562370143646
51.5550669041213,79.4795044974573,20,49.7457060359679
67.7183650852923,82.9651586908982,55,66.2208965034268
94.4321424584724,83.9329780658885,20,65
56.888744084967,84.3162272653374,50,64.7920154135536
85.5500764438061,72.8507541576146,45,65
64.9965074517538,79.6361970804427,60,64.999765833244
53.2029518149328,80.5988298752134,25,51.3978224917855
82.554697855193,84.4311647435964,0,64.9304512963737
85.4673233674712,83.6645481198756,65,83.6645481198756
81.2186820524988,81.9643770252277,40,64.8565168045456
84.8335634372846,80.9041146198719,50,68.9429408278384
100,79.9745218341523,55,72.4872609170762
64.376666506455,91.5585243335599,20,64.376666506455
61.3771918804577,76.1137398983526,45,63.3903392375693
87.478665955292,72.3289918905006,65,72.3289918905006
90.4087190707655,78.9232893220997,95,85
100,83.6334169337397,65,83.6334169337397
72.8122384873443,80.3826849106015,20,62.1862632430813
70.7629987657144,85.1971520302731,55,67.8814993828572
88.9401746852126,84.7803126358927,50,69.9450781589732
63.6991030651125,89.0732863354819,40,64.6747757662781
96.266009248257,82.9009109419857,70,83.4256832064893
86.6245556663925,78.8138792941448,75,81.9069396470724
70.9991389628909,75.6942222886021,55,66.6039031402343
90.1067593412552,71.6734527862762,55,68.3367263931381
83.1979663038619,77.42594241858,45,65
59.1959728423889,67.179738495379,45,59.8285359135724
94.2847856844074,79.9469601615372,35,65
75.2419258278484,77.9624140177163,20,61.5663356995991
88.197394393684,89.9800416563172,35,65
68.5750932270332,75.2631422271619,55,65.9172922566101
84.0235470427236,72.3794279648545,20,64.3838302556881
73.0019586066691,80.8219248807122,75,76.9119417436906
32.529148059604,64.8018915609784,50,46.8636421677854
100,70.8868474776492,75,77.9434237388246
59.2220472771926,82.5315503904873,55,64.6434353714401
59.5126194137766,84.7169635625048,35,62.1147914881407
100,84.5370223458728,85,85
95.3895445051053,89.6059452753443,65,85
78.3676435978097,80.1999808668385,65,75.1593963460712
77.8208376203074,94.4588918369122,30,65
73.8595317033584,84.8950953891318,10,64.9415656754226
64.3019978865298,73.823513339857,25,53.5155717918844
66.613454537685,81.1309866527953,45,65
80.3162355563813,75.8722575368693,65,73.3261028732166
96.1307219845523,76.3122694038277,20,65
93.48920621248,84.6409482662071,75,84.8204741331036
81.9849738505221,90.9527633070945,65,81.9849738505221
42.1266588337217,79.1187169665556,40,54.0677418246028
74.4838454833082,94.7366389973048,45,65
26.4975613716168,87.6130325809117,75,65
75.9166266588758,88.6406654304368,25,65
71.4951056331779,75.6936020064473,75,73.5943538198126
93.815170089629,78.5560507097542,30,65
66.3768690395577,65.2366356406846,75,65.8067523401212
40.78183662494,86.9145734311623,75,65
54.7088052538083,81.1913819506935,30,55.4050211548582
92.8254194562341,91.9699641510585,75,85
83.3919586609427,82.4567557200634,45,65
47.8112174303383,75.8297935033633,30,49.1713753400159
57.3520551686228,90.3587381839542,40,63.0880137921557
81.2873855392647,64.9792444717906,60,64.9990367840729
57.5565628224243,72.491323512932,35,55.0239431676782
98.9092128199778,75.4987042233607,55,70.2493521116804
80.4610193762439,79.788059884915,30,64.1128664302045
55.3750273027505,76.4292983081488,30,53.4155634526829
61.723749332044,78.1665616636149,70,67.7524284603399
99.5424122131497,73.8885287712521,75,79.4442643856261
66.128670767112,76.0389586387114,75,71.0838147029117
65.5827311213577,84.7115122732942,55,65.2871627912668
85.074217514885,87.0496052220937,45,65
100,82.6636828677913,55,73.8318414338956
99.8246455924042,82.19364527862,40,65
84.72971021795,81.2643055391993,25,64.9495139979192
67.8111836783039,80.0444114502147,55,66.0573150979633
56.1538041007146,81.3686875774466,65,65
86.0362833947582,88.4135140739943,65,85
78.3781233812119,77.5407195784563,75,77.9594214798341
72.5081774267656,78.7400444061555,65,70.1581345626527
90.1869365061671,83.4458898552271,25,65
58.3457039436849,82.1555526427341,45,64.0536102584075
74.7558448516611,88.1780131428726,75,79.8779224258305
54.8529593150075,65.7961090873815,60,62.5642167199938
73.4328783525916,77.2018907290661,30,61.6174370541247
48.2818146382436,85.6835884046454,75,66.6409073191218
51.2882224427172,81.4727600796325,50,63.1863226557782
49.487738461728,79.2206137824654,30,51.272547946572
84.0261804391134,84.4512335394764,30,64.9799600182394
88.8635004800775,82.320068639618,55,73.660034319809
77.6850263529934,76.9450604124682,45,65
93.96268908082,78.9680462645572,30,65
69.3633063043369,80.2048132840136,20,61.2509567054304
70.4150168963169,87.6751827682215,85,85
92.5819558311535,75.6077417544684,30,65
63.1602702506006,71.1270740052228,20,50.5634659890137
100,82.9402392473852,75,83.9701196236926
28.9294884262057,86.7587865623114,45,48.9294884262057
98.0983908172386,76.8779365378776,40,65
58.1153196802141,73.5817141353363,25,50.6275962144574
81.6573136329296,73.8226098240895,30,63.5989058839834
77.1882071880594,78.8792459722464,45,65
100,82.6313303304891,50,69.4078325826223
60.8900023429474,77.8681638930692,60,64.6336021288754
78.0877317042834,79.8011521431183,45,65
84.6831365574234,87.864184981927,45,65
75.6428434978507,85.74057428188,40,65
79.0179847366596,82.6063850884239,30,64.4630509649147
81.9475270237953,85.4186664782505,65,81.9475270237953
70.016583009361,82.9914309714082,65,69.5127753462629
82.3135344343449,87.251455002215,0,65
78.3915104582434,88.4316037564027,55,71.6957552291217
99.0470052675903,84.0355020557321,30,65
39.6869658043262,85.4413632680324,65,65
55.9824282752133,81.5696534451351,20,54.0987515253168
83.3357247872203,87.3078876985557,40,65
90.8553870051606,92.2866988353584,60,80
73.9588892959056,93.3874826128428,50,67.2397223239764
79.5145599796045,81.3427353458001,50,67.9650951550927
68.7459962287161,74.2797520565597,60,66.3035718577735
58.0932859027831,77.4920343142828,50,63.0554235333889
73.5324690930911,79.4594163475839,50,66.5421815386237
70.3440955249763,76.3237892445371,45,65
77.8432435490067,74.6805625109707,10,61.3073149589884
58.527049585309,84.4935478143328,75,71.5922546969518
90.9154312166039,82.6326016168281,50,69.408150404207
96.3146743979267,79.0066525656955,20,65
78.0284460656887,85.3704612527232,45,65
76.2502859469915,89.1344814461869,45,65
67.0703078857006,81.7303131297233,20,62.0687760552886
91.2338229295071,76.7858280323304,50,67.9464570080826
81.3187198034923,74.6704215025778,65,72.8904449441117
66.3543314155237,73.6958010631293,45,65
83.4786757593694,88.5041001280773,75,84.2393378796847
100,71.806348623635,20,65
93.8161670268023,77.8127971148988,40,65
86.3835814434413,69.2397667099633,25,65
83.8835074953467,77.2919021925667,45,65
73.2506978666023,78.0232126279462,95,80.9013808622633
100,71.1970559112223,65,71.1970559112223
92.91813322705,82.3776953654131,45,65
62.3428371237903,77.6542708642289,20,55.9730479259323
55.2818448835375,89.71182921307,40,62.5704612208844
67.2043165611078,81.2466306797425,85,81.6603113873724
88.9894680343719,84.5613205506398,30,65
100,69.8073899751582,60,68.6055424813686
80.7204570783076,76.3086676160337,60,71.6666533951515
70.1609101661403,79.2209003456238,0,60.7121710534942
100,79.0322994763539,60,75.5242246072655
92.0348624206529,87.9373235045279,85,85
81.5638717431969,75.4640081131418,60,71.4996683114695
74.5023060398294,89.0809245168504,55,69.7511530199147
72.81719222662,83.3030967188235,60,70.3654559522548
72.4500047733899,84.1089558680573,30,64.5806525149032
65.8466793422372,73.2629630748756,75,69.5548212085564
95.8201642557055,80.0305506743661,65,80.0305506743661
89.9899027103183,88.6567644791856,50,70
77.8074660603115,75.8510014684358,85,81.7097758773782
90.9075553207102,71.6368243552676,40,65
100,81.2833461943859,65,81.2833461943859
88.9233288052385,82.6030257619212,0,65
66.8056318705946,88.9909628304058,10,65
73.4995698091771,78.6083327640499,55,67.8916243578638
62.7228587683388,86.6455851965916,75,73.8614293841694
90.6291879655521,75.8540771096877,70,78.1405578322658
78.2466081466536,81.2386636187006,85,83.7299110762418
55.3725842617106,69.9812747310099,40,55.2236769475872
85.531508520866,83.0400951226558,65,83.0400951226559
77.0717925897254,74.6617213407569,30,61.9263493446615
70.179337114943,83.309832079337,45,65
69.9277300702526,74.5464419640531,50,65.5880286141273
82.9027090712757,79.6310249373727,30,64.5777386489227
75.9106988750784,76.5082607038585,45,65
93.360046575886,69.0919073300813,75,77.0459536650407
75.7284067488075,85.3158909047362,35,65
98.2465731740002,74.8768949970494,70,77.4076712477871
79.6382962284642,74.3176172880405,55,68.4098510501449
76.3262164998617,85.6546603570042,55,70.6631082499308
99.1188686815912,69.5445534923446,85,85
70.0699622353068,74.9672851955961,65,67.5266879765102
58.513516729702,78.3844605940044,30,56.2462726348045
55.193396254874,67.9733794841624,65,65
91.178410020118,82.2420146106414,35,65
81.466545710277,81.3817193459697,60,75.1156373908752
88.3328663828984,76.4381767357866,55,70.7190883678933
53.2133318299744,76.3790987906007,65,65
55.8661360323877,80.5879141022646,55,63.9925151899166
29.1552105889715,82.0553987139472,70,63.2503779771144
67.2374603110233,89.0118384592849,45,65
79.812485242046,75.7677878003756,40,64.4013470370736
69.7029128113192,87.3356446807626,75,77.3514564056596
73.6168443340249,94.5508854147717,65,73.6168443340249
98.9014041147025,77.4621875191155,75,81.2310937595578
67.6041812478583,75.8831360260578,50,65.3542707344619
75.6104656965976,78.7271691000068,55,68.6412914211755
96.8614391556352,85.7740492498487,35,65
71.3061879032764,73.4055340958606,50,65.6625859679487
80.7982699614142,81.8629192793731,55,71.6601237778268
95.7761003598604,87.6564788218259,45,65
100,75.9232586172654,45,65
59.4573440737683,85.9915710064526,40,63.6143360184421
100,79.2134101320612,30,65
74.5095867105181,73.1193499744913,85,78.768353554236
70.3097305892319,82.441032072877,30,63.5903026901393
74.3044846161163,77.2892918327487,40,63.9691250272066
100,100,35,65
74.7180441041651,74.9184040981508,70,72.318799262298
69.7635665183188,84.2136016690529,35,64.7004523535105
81.7277279783765,82.9690299071229,35,64.8338528347081
65.1279375328846,67.61516567591,55,65.0083644461165
54.5932898039166,62.4011629262163,65,63.6477327863148
58.6561029462147,88.0426111081329,40,63.4140257365537
56.1615274360182,78.2244251083144,30,54.7866077278836
60.7177564981888,77.1867026509752,65,65
54.2921787090614,72.3064961666739,30,50.847000421879
79.0659161863313,79.0318866807215,25,63.2292357676965
56.7606144431874,78.4489007963189,55,63.6505741959986
68.5748643705289,81.0899468457208,30,62.5916317483446
100,80.3602085264376,75,82.6801042632188
73.7794084574865,79.2021086017223,40,64.1868028601509
90.5000598267212,72.4395724275716,30,65
58.0478469480929,80.5968602999738,45,63.4694349448245
65.301605457882,82.5706852067218,65,65.2649707278537
44.374421365399,79.9856089649347,55,62.1800151651669
62.3547905118724,81.0596848591813,20,58.935623320889
66.543135029618,96.9504166013622,40,65
70.0638482500303,76.6887150338501,50,65.7398734896158
54.9539301453186,77.9910240312604,50,62.3595251678097
56.8261008022381,71.118642780107,10,48.6179843145216
73.4779180654818,92.9945263771078,45,65
53.185147683842,70.7128798969937,55,60.7799946489942
71.601770595537,89.9326918699049,40,65
75.1277158118804,79.1418504273838,40,64.2770835325328
82.0369390332286,75.8939273799959,45,65
64.8088399554776,67.2093207867786,65,65
88.5480355837709,84.551852763465,65,84.551852763465
82.2694432344607,88.6062510847069,30,65
55.4798493762869,81.8030349485472,40,61.0598313604941
85.1985615587236,75.3112895110609,45,65
91.7595841436898,80.7474008005686,65,80.7474008005686
81.5515954465761,90.7705334618472,50,69.137898861644
87.734900354761,73.7936661857108,45,65
43.5759771904799,82.6579389770687,50,62.2588158336101
61.0157714250478,82.5133042700917,60,64.8761554476961
64.7681390920045,81.6689379845403,85,81.4756942297195
74.5015377248309,73.2895131016359,30,60.3896710652624
82.2872419830746,71.2542586490915,55,67.7029720672895
68.7201487758815,81.2371449255942,60,67.2651723057035
72.794239159904,79.9467179633846,50,66.4562286807782
79.6925853396005,73.2274431298528,30,62.6569309653873
62.7319889266077,72.3435045316782,40,60.5512465677592
68.6560296352766,82.2655802086236,30,63.3240771486887
87.0735072453025,81.1874111731862,95,85
100,80.1603316459597,75,82.5801658229799
75.7096545969296,67.123821296031,10,56.6962062676559
75.4696057844606,78.6104653276935,50,66.7812025815503
46.9423847729659,75.1709462878513,65,65
72.9699092772118,76.4741824992651,40,63.7179205247528
76.3317133510421,80.6554390557855,40,64.529251254646
69.0382868043754,77.949415946955,40,63.5932574935456
61.1675222954651,71.8497019062198,35,56.5086121008425
71.4581848020551,83.6590369456186,40,64.7730115766287
51.2050222024594,77.487131910407,25,48.8741465374557
62.8045900230785,73.2756908816574,20,52.3672641652819
68.72013212615,84.2086844103113,50,65.8932355496984
66.7002896775773,69.6759483960282,50,65.0993808348831
62.8405784954473,78.5027958668125,35,60.6716871811299
89.8364238484617,79.6919994386395,65,79.6919994386395
79.1971541286905,79.1003695703652,50,67.5023140007746
81.9140587155441,84.7305941269429,30,64.9688235985272
90.7427986997943,82.72532581089,35,65
74.9298258623048,76.3757013360505,45,65
54.0786293684728,87.4134412701046,20,54.0786293684728
77.2243134357578,86.7203462677054,45,65
79.2689516910459,76.8052323666371,60,71.3168108877919
87.4837753872179,86.9869209327015,20,65
71.6116649881082,78.6722744543625,40,63.9410286316462
60.1698539948359,85.029150978793,55,65
66.829863067966,86.7438356898588,70,71.3723973009745
64.6837526152215,80.7898148496499,45,64.9334269978384
82.5809508176039,80.4175598266483,85,84.4457425922637
77.3115445014633,88.0056646214234,85,85
68.3717753609434,70.9099244169161,50,65.2490867191749
93.1828384174522,73.3490467396267,80,82.0872616849067
83.586588749122,85.7396679357973,75,84.293294374561
72.7440295461054,84.4375752874411,85,84.6553469670169
62.449031869851,68.7553915219961,35,55.6022116959236
61.3872634585882,83.6857210678765,70,68.8275979256623
63.453414211016,86.5913092224193,40,64.613353552754
51.4761768326958,89.8890650367258,85,71.4761768326958
68.1786377614466,81.0607580536929,30,62.5151219103449
60.9599140697906,78.7988268010646,45,63.7473363704095
68.9551547266746,75.8948158519171,10,57.6954364579438
100,68.0870709491227,30,65
67.4302970517588,66.701537013571,40,60.9812680114882
75.3003056145093,66.9545159688722,50,65.2516513975978
69.8626074755898,77.8420164540315,30,60.9367547518027
100,78.6181519837107,55,71.8090759918554
100,84.8538177308421,60,79.8903632981315
78.1379655818607,70.0946528661037,60,67.51000152524
100,100,55,75
63.9472737832427,89.327155284012,30,64.210455337432
55.5367325287223,80.3569122149436,60,64.4507652299674
86.2490591837818,85.3363996976203,85,85
100,73.8702618993108,45,65
77.7192952752512,91.0477111286804,60,74.5394714564384
78.2259302583019,66.8426444362517,50,65.3046335850589
60.0026555340406,69.9442899955172,65,65
83.1760848351214,70.059956345403,50,66.1496274474507
47.0348239795891,74.2061975632439,75,65.4683247890631
64.711066794397,70.0326772509536,85,69.9599718724094
72.7558083412584,85.3577088398056,55,68.8779041706292
75.4561960677552,79.0153817982668,50,66.831844750589
62.7130998409476,83.7928525059467,20,61.6439836367018
52.6235819903873,70.7986706866751,45,56.2119206063063
81.8812202283004,88.9648377778898,50,69.2203050570751
70.3998856377517,88.6585898276091,30,65
78.7749574453005,80.5683198522021,45,65
47.2054255914091,91.4902110829368,40,60.5513563978523
74.3029434148486,74.6908631829472,30,60.8645967546469
76.6717298813202,70.324166054501,65,68.1071114015715
57.3344343548936,85.5003947777941,40,63.0836085887234
67.8370020351447,76.564784672492,40,63.1903302062608
57.1818767129319,86.5437423997402,10,57.1818767129319
53.7194997313068,76.7157858371845,65,65
89.7466763225657,86.7743180458112,10,65
64.9469586560693,69.9898366175464,20,49.976603235537
81.7439166331434,70.2442767573369,35,63.7988533745906
68.641790714972,84.1186916154496,45,65
76.1720097099534,82.7335809749795,30,64.2497028070228
79.2889197823693,72.0504076208936,35,63.1510959784326
73.5232758284665,81.6792325768944,20,63.0944234123601
69.3267415317659,95.5644140345482,55,67.163370765883
71.4516611732498,70.829179258776,40,62.6001114893095
100,78.3505646826559,50,68.337641170664
95.0001639293888,77.232077158522,45,65
94.2665561277283,74.530404348229,40,65
44.7876958963633,67.153257529505,40,46.597800194265
98.8897849140836,76.7010354229857,40,65
88.2987114445316,78.8887347048298,65,78.8887347048298
62.2420086355426,85.52419267094,50,65
40.4547411237377,81.9795536879746,30,48.2801825830532
89.1959278247826,85.8614252389567,50,70
76.3061469869247,73.06109855468,60,68.4177486925737
96.6755727881751,84.8570006062375,50,69.9642501515594
50.8433508608927,80.7420335558398,50,62.7395548626474
93.0268163829614,74.7384634017238,50,67.434615850431
55.7028856051331,68.7226905995517,40,54.823093862756
52.4449688060677,81.1019663612635,45,62.5530033035333
65.2256294981442,80.9549087404633,65,65.1799949026024
85.1313890606631,75.1062386008299,65,75.1062386008299
83.8415221360782,74.8339584883262,70,76.8010388196779
76.763966305649,69.4063453108874,55,66.2959024442084
69.841160302811,82.4547563432249,50,66.0562659188007
94.1855320098976,89.7008352332111,65,85
68.9397751033271,90.213898344506,50,65.9849437758318
88.8155960636012,89.5161313590296,60,80
71.4483088508365,77.0823962844217,50,65.9738877862519
65.7282136508109,72.2489774187492,50,65.0659850538844
73.0278845464374,75.6040756945944,35,62.1877727355687
65.4023108259149,84.8931567531733,55,65.2000808080856
85.6559683389754,74.6420458599817,55,69.8210229299908
75.1366133212978,81.6680927983324,55,69.2239502875051
64.6623497958555,75.6942430029704,30,57.8459968678636
91.2336597347392,82.2130760475028,10,65
69.4376680257593,82.7878241834694,85,83.2786692778882
75.8634214430102,88.8963609081431,45,65
87.9050401512836,87.5587051328728,75,85
81.0033475905849,79.6941590528101,50,67.9394466859182
58.6667039521043,87.2545713722736,35,61.8333519760521
91.5288060877376,83.8283701129948,25,65
82.6207453450499,83.2311117826755,50,69.0155722259958
65.5755923514265,82.716769114121,10,62.7824796258437
64.9604672198835,86.936942968272,40,64.9901168049709
96.26700415084,77.6922818914502,85,85
80.5061803546504,87.934802601168,40,65
77.0149340844684,71.3624866539948,50,65.9555607220132
94.6965625800231,72.9457930504922,40,65
100,81.0631011774107,55,73.0315505887053
53.7338696597033,87.6481907427995,20,53.7338696597033
64.1099345360628,68.3521372218745,40,60.245075746805
59.1286025969769,66.2296016163986,25,45.8686276295348
81.390937285064,71.9857191163438,65,70.7251241963532
60.8479467918301,76.6201404681397,50,63.6952391505022
79.0783074964389,86.9931185557453,55,72.0391537482194
87.0355762758843,76.8737547291368,65,76.8737547291368
98.109462499358,76.5106926766922,20,65
71.344250479115,76.2227281681239,30,60.5052415395192
90.4568210953051,73.0282554942586,30,65
59.4949442579526,85.9351750568139,20,59.4949442579527
90.1878949796395,80.2183595762001,30,65
55.7285561824151,80.1795321573577,45,62.7653651611234
70.2481152220542,79.674589268213,70,71.9060245054643
89.3657131221795,81.0673058115641,25,65
59.0882444835976,71.7487582923232,50,62.0623212025797
63.7825993083744,78.7639291969654,75,71.4630591753859
88.8912278164449,81.9265446353486,50,69.2316361588371
77.4762119677089,72.5175744788596,55,67.3447713170323
82.271196030626,87.4299168259491,65,82.271196030626
84.616007448056,92.3104126127279,65,84.616007448056
77.5042114647473,74.6490828314294,40,64.030146421981
62.2139712462981,82.1378671076528,55,64.8006503866251
64.6524653373369,70.5048348429256,35,57.5786500901313
47.3551570862062,76.7302545112106,85,66.381329601754
90.5173426178318,76.1092412072702,30,65
77.6475972523461,75.7012095449506,75,76.6744033986483
70.812623251578,88.3116622109616,60,69.3594674386835
73.6676804898757,81.0405865669456,55,68.4758669808119
98.4360583003223,73.7456120655411,55,69.3728060327705
48.2834236317667,83.3556942616908,10,48.013476015816
77.2345483947308,70.9997791522591,0,59.5640981271893
75.1343456552117,77.5553066152826,20,61.3276614181723
78.7145626721953,82.4735566559255,55,70.9910546965961
46.5016814387123,85.2405873224766,20,46.5016814387123
94.0078682305239,70.0762954923962,40,65
85.003379566671,69.7802343959802,35,65
80.1017069171024,91.2458400756851,50,68.7754267292756
87.5924595461045,77.327742456785,40,65
80.5455376940917,79.5038221618937,75,80.0246799279927
86.2822980479911,72.129747634559,10,65
53.2829982583294,82.8795462223586,50,64.0682989772842
78.0224633185433,70.4254851263836,50,65.8831647630454
77.1155914742163,74.1922945221818,95,80.7393817393265
73.4345854457144,87.696872853922,65,73.4345854457144
80.4735973560774,85.9754711358467,30,65
100,89.7926934031444,30,65
100,83.1085335935012,30,65
73.7839939357483,76.7576599871483,65,70.1639607012851
62.5437039754498,77.9378339045795,60,64.7831653686888
88.4937687078451,86.9161800654513,75,85
84.8664821531598,83.8094423647998,30,64.9940389740503
49.4157809869013,79.5789134680841,35,54.4973472274927
90.8151567009233,78.803664667446,65,78.803664667446
88.4400408851764,93.0558475162396,45,65
75.5980875653757,95.6169078185397,30,65
79.7421027673315,80.4918073858123,45,65
70.9577908562034,76.2724884091412,40,63.4680807117032
48.066190290113,83.639114056436,10,47.8575535268076
70.0000866486527,82.277444131147,30,63.4685711702376
94.2980335251663,75.6135122633443,75,80.3067561316721
49.3727098296269,76.6658965797259,25,47.5505790322789
70.9843541193168,89.7412570896953,75,77.9921770596584
70.740161893212,73.3168002521291,35,60.8349865756524
77.6546057908793,79.648108452603,50,67.3170754756217
100,86.1171547275622,45,65
68.1713360206086,75.20506711382,45,65
68.0747781178356,71.6029514635392,75,69.8388647906874
93.6028346874745,74.2206788647581,60,71.9155091485686
72.5696635321279,89.1507478159075,25,65
70.7912181947335,74.5081317163932,65,67.753183269695
71.3344626386805,77.5934464818494,45,65
63.1902300858781,80.1439612233723,10,58.7736069532379
58.7487046805217,87.0137863134107,35,61.8743523402608
74.9545729522584,81.1044112587166,45,65
73.7609619915204,87.07297457507,0,65
90.0732648677914,81.9290560171771,70,82.6967920128828
66.3164740694777,83.6459084776493,10,63.735039796493
77.7913745563197,83.2125900272049,55,70.8241015169668
79.1379319000097,88.8707297129827,40,65
59.9957823483231,85.5407474236874,50,65
82.6660865156381,77.8937775005146,95,84.1707345742788
45.2164641632386,86.5462632761381,45,65
95.305238873169,71.3420062527498,70,74.7565046895623
57.7288970965165,82.2573567400409,60,64.7507244828661
68.9759619626219,67.8422549332129,55,65.2825174375632
55.1356726971527,83.7769469199393,85,74.5158494116157
89.4657085839656,68.8378755400718,30,65
78.465777514017,89.4910497258114,55,71.7328887570085
57.3243904989865,74.6297460350769,50,62.0150742552092
85.6067823241463,83.1030682934634,55,74.0515341467317
56.2382793101288,71.1936062790575,60,63.4879029310339
90.2852658703478,73.9588896370067,50,67.2397224092517
61.8958687917196,85.7033593862691,80,77.6719015937897
58.6549832351654,71.1898557229431,20,49.226118806244
56.5449177681758,78.1599969372278,55,63.5541802909583
73.0959916222236,79.0393235519796,55,67.8415561464628
78.2980111045726,84.6425986276314,65,78.0603747336452
59.586098843891,82.0273353864916,20,57.4181198497725
91.0779997842995,86.8217990934606,60,80
72.771905534561,72.3622525377702,50,65.7152341405642
76.1684453403146,85.5643100253385,40,65
72.3195708034472,74.9725464568646,55,66.8248689970422
70.4291191022623,75.3718836521709,70,70.3580054801694
78.6925131631784,86.883360163266,85,85
67.0189384415959,93.8428437296556,55,66.009469220798
63.0469205891919,83.6992738782933,60,64.9682447324074
82.4647361425763,78.9661396797105,65,77.1957472218255
100,75.0443397850643,40,65
70.6665522563252,82.5873651029662,10,63.27093118894
57.849983887456,82.6976436165126,35,60.2738137519843
81.838977725362,76.6358856695637,50,67.449205245058
69.0974250862641,76.5217342858737,50,65.5901180387526
30.1790635394183,82.1908513420214,55,56.1849574407198
51.5622368358515,83.8609544737215,20,51.1885025103386
90.3312446651806,77.034379304999,75,81.0171896524995
81.5843869296685,80.437983251861,30,64.4156718487994
51.8522454178726,70.730729187343,40,53.4555218835357
65.7955409016726,90.3384428329606,35,65
66.9713161223821,73.3948383407696,45,65
82.9874695972659,72.7216201835034,40,64.6911173415373
50.3627405741695,87.9102370619424,30,54.0220554306272
60.0410423241708,72.8417086128516,55,63.4926886900183
89.9334890633768,84.7835607094876,40,65
51.2842297667607,79.1413998424517,45,60.9822393175324
82.5087214095596,67.6800730416,85,82.8425618390274
59.5855655570314,77.1629906252181,35,58.3742780911247
48.8308472852694,80.9882164890303,55,63.3783214938173
48.4238821964488,72.162615361128,35,50.2932487787884
86.4987229250956,85.4236239968782,45,65
98.2382349558437,81.9727374031534,65,81.9727374031534
100,84.9720748899021,35,65
66.4838840094916,79.1080021807017,20,59.5451542481025
79.4035165804565,79.4689919413318,40,64.6130725638288
62.7771877561736,83.7170811741634,25,61.6368533140323
67.354798781625,79.5082045953959,75,73.4315016885105
83.6256087382072,91.8017778292667,40,65
48.9353709406368,84.4714635875943,30,52.7673944314149
50.1537338070315,78.565536377989,65,65
54.7487332111154,82.9425970544558,75,69.3729397949609
63.2886007386595,77.5219302541787,30,58.4278473206099
51.9580490212178,80.3338827178725,65,65
79.4824692902795,70.3486837898353,65,68.8731074364853
70.455166974152,85.8830388132691,35,65
100,80.1950895191383,45,65
91.7746989523381,87.4890151316987,10,65
69.0555267750083,77.3922727333203,55,66.2564298468297
58.8670791605266,75.1157295442968,65,65
70.3066929005404,83.9506485792382,45,65
76.3799505826014,68.9917397238986,50,65.5678225099572
59.3625603042207,79.1267429074771,30,57.194730725696
79.7419365186712,80.6120961497253,20,63.8464061502644
69.3109255861657,83.088639470403,40,64.6251565302436
77.0304073821503,82.7095449194702,35,64.5436501524673
70.493150299113,83.0732317880712,55,67.4819744650645
68.5697936039089,71.6813534440026,65,66.1925526394928
100,85.370537997463,55,75
91.6346384096722,74.5864880436586,40,65
66.3202951756484,85.8830765357632,65,66.3202951756484
93.2687248946517,78.1317126089833,25,65
73.7480547522426,75.0765876963723,25,59.417115404433
92.6141192901146,69.2997161146223,65,69.2997161146223
83.6543998525352,78.4023768678071,65,77.5006648533221
71.6008464522154,84.5740802383177,75,78.0874633452665
52.6149542162171,82.177767269695,20,51.540395564778
61.070392398925,78.6607499228422,55,64.3772308677922
77.3870948690766,64.7642946138218,75,71.1205548100448
80.5033483352964,77.5537932364774,30,63.7443875735404
67.4821188998859,87.806905690571,45,65
55.4497676346685,84.4331950233373,95,75.1536186196535
89.0780700504117,77.0873162793665,25,65
87.2715293450051,84.3127196321807,55,74.6563598160904
76.9356610291724,88.1680766532196,45,65
56.3393156695148,83.4921547456201,30,57.7000771055363
62.1705619309408,69.2111943170432,50,63.3247457050874
42.875068504973,86.1982787486228,45,62.875068504973
94.7618029203668,73.9336535426238,55,69.4668267713119
49.7687555984198,72.9774582839681,35,51.3731069411939
78.5243699411389,80.8013098817203,10,63.6405418031112
70.5207176762717,89.048280786933,50,66.3801794190679
77.2337759236612,83.5221661995776,35,64.7130702889583
81.9744651694033,83.8610778444908,50,69.0019588616089
94.4134801437789,73.1080909227492,45,65
68.1072263839397,79.7050706054606,75,73.9061484947001
62.3280113131553,80.4194678049637,75,71.6797178141811
62.7381311762065,84.4648967256299,30,62.9325292617225
88.5955447060835,85.8522186045912,85,85
97.3112097073383,71.6140044784876,35,65
78.2249825006985,78.8892286378857,50,67.296060071053
80.3797637254987,79.2829101077158,20,63.6792846947542
82.5680921795463,76.2123557160621,50,67.4622462346205
58.7669702236709,80.2743909082097,40,61.5239687284596
100,88.4809055673804,75,85
71.6508837085732,84.8094310300322,75,78.2301573693027
67.6959253968388,85.2620845311619,25,65
75.7989581427905,77.0416845747247,55,68.2509411922784
57.5110924887212,92.9684579234949,65,65
46.0255100783953,66.5465755428096,30,45.682672125455
81.9299725151406,75.4944346233601,45,65
65.7708322667619,82.017681427332,45,65
81.447211883251,79.1345385693023,45,65
69.951628411904,76.5969948936169,45,65
67.4540269481259,81.2017307648053,35,63.3338917588878
65.948728708559,79.77699611915,45,65
63.7876059278795,76.8485403899578,55,64.7529304672414
87.8962820758058,81.117771460363,40,65
64.4149008044435,96.4842208499356,65,65
80.6235641487338,84.9391258477205,55,72.7880052937884
74.0221742387863,82.5927061262784,0,63.6786573649124
89.0289363602151,81.0446103787593,30,65
86.1940570835989,77.8922935862877,65,77.8922935862877
85.5236658719966,67.2943449494019,50,65.5735862373505
65.2495511710201,82.8049450881963,60,65.1666216836266
52.3461366300302,68.178110856848,35,50.262123743439
68.4463459574046,81.3113323195987,65,67.8107247099766
81.5170235968996,76.9612107283361,55,69.9390899961854
44.0790183188872,75.6678829567689,50,57.5250436778125
74.6885358794319,78.5558823128284,50,66.641708152065
77.6175902754178,76.5270487928176,30,62.654345097957
66.2409346563356,75.2961669256356,60,65.4791326387039
87.1490593857434,85.7903663742118,60,80
59.9738015124335,64.4497701110004,45,59.5618498552291
58.6853110538208,71.4607884845623,75,67.2104475016044
84.4998893600099,87.3775353511661,30,65
74.7392161301408,82.3451996400181,20,63.6379833644301
84.7055168250352,77.3115682426502,95,84.8867943102798
72.1298380962388,75.7825720796223,65,68.8438996594366
69.7675038287036,85.1972658250855,50,66.1918759571759
81.5840498813299,77.7316821404179,75,79.6578660108739
73.0438118829227,77.3753764152022,40,63.8604820762282
77.0888067978293,75.3242568629236,50,66.5600993318381
69.9194883919453,76.1216370024561,70,70.3781004519257
48.3173852123126,76.265099958001,45,57.7139513695188
100,84.0287116554582,40,65
51.7438206893909,78.7570270637207,10,49.6387461868416
100,83.7249996270603,50,69.6812499067651
72.4467663207534,68.4080518898585,35,59.7929349544865
68.1474269842355,72.0507869036969,40,62.2721555099732
78.6379923317365,82.6708831608341,30,64.4443302803354
97.9821298848992,81.0571739667406,70,82.0428804750555
87.4819085389585,74.0351034484338,30,65
93.8912904777602,82.7919850628769,85,85
84.3902356285638,84.8662165392205,50,69.8151327467944
85.3347171704962,88.0072356825701,30,65
100,75.6170123153332,65,75.6170123153332
55.9992368321105,76.8684979050034,30,53.980544166742
74.4267354369055,85.1716827381932,30,65
59.0852502532995,76.0998125687146,20,52.8171818897532
67.1609763332967,86.7012190713044,25,65
85.4561595582817,83.6971063706954,65,83.6971063706954
100,80.1252754796714,45,65
59.297663439475,69.95977526309,65,65
78.0470042568199,74.2732654538358,45,65
